{
  "project_info": {
    "project_number": "27689699592",
    "project_id": "imagecaption-b1baa",
    "storage_bucket": "imagecaption-b1baa.appspot.com"
  },
  "client": [
    {
      "client_info": {
        "mobilesdk_app_id": "1:27689699592:android:240b508e04a0fae3e444bd",
        "android_client_info": {
          "package_name": "com.example.generatelivecaptions"
        }
      },
      "oauth_client": [
        {
          "client_id": "27689699592-sbs7863l2ic51gr6bm9rae7vnd2re4s0.apps.googleusercontent.com",
          "client_type": 3
        }
      ],
      "api_key": [
        {
          "current_key": "AIzaSyAbYnxGkgHCn51w099wlJgWokn26ILLde4"
        }
      ],
      "services": {
        "appinvite_service": {
          "other_platform_oauth_client": [
            {
              "client_id": "27689699592-7vraf85f81l2gvcm1g4hbpgmdjs527e3.apps.googleusercontent.com",
              "client_type": 3
            }
          ]
        }
      }
    }
  ],
  "configuration_version": "1"
}